id,title,overview,genres,release_date,vote_average,vote_count,popularity,original_language
1265609,War Machine,"On one last grueling mission during Army Ranger training, a combat engineer must lead his unit in a fight against a giant otherworldly killing machine.","['Action', 'Science Fiction', 'Thriller']",2026-02-12,7.256,1080,374.3784,en
875828,Peaky Blinders: The Immortal Man,"After his estranged son gets embroiled in a Nazi plot, self-exiled gangster Tommy Shelby must return to Birmingham to save his family — and his nation.","['Crime', 'Drama']",2026-03-05,7.4,298,370.3607,en
687163,Project Hail Mary,"Science teacher Ryland Grace wakes up on a spaceship light years from home with no recollection of who he is or how he got there. As his memory returns, he begins to uncover his mission: solve the riddle of the mysterious substance causing the sun to die out. He must call on his scientific knowledge and unorthodox ideas to save everything on Earth from extinction… but an unexpected friendship means he may not have to do it alone.","['Science Fiction', 'Adventure']",2026-03-15,8.251,309,323.2718,en
1290821,Shelter,"A man living in self-imposed exile on a remote island rescues a young girl from a violent storm, setting off a chain of events that forces him out of seclusion to protect her from enemies tied to his past.","['Action', 'Crime', 'Thriller']",2026-01-28,6.6,359,323.2197,en
83533,Avatar: Fire and Ash,"In the wake of the devastating war against the RDA and the loss of their eldest son, Jake Sully and Neytiri face a new threat on Pandora: the Ash People, a violent and power-hungry Na'vi tribe led by the ruthless Varang. Jake's family must fight for their survival and the future of Pandora in a conflict that pushes them to their emotional and physical limits.","['Science Fiction', 'Adventure', 'Fantasy']",2025-12-17,7.265,1913,319.3325,en
1159559,Scream 7,"When a new Ghostface killer emerges in the quiet town where Sidney Prescott has built a new life, her darkest fears are realized as her daughter becomes the next target. Determined to protect her family, Sidney must face the horrors of her past to put an end to the bloodshed once and for all.","['Horror', 'Mystery', 'Crime']",2026-02-25,5.856,420,326.0984,en
1171145,Crime 101,"When an elusive thief whose high-stakes heists unfold along the iconic 101 freeway in Los Angeles eyes the score of a lifetime, with hopes of this being his final job, his path collides with a disillusioned insurance broker who is facing her own crossroads. Determined to crack the case, a relentless detective closes in on the operation, raising the stakes even higher.","['Crime', 'Thriller']",2026-02-11,7.023,200,286.3454,en
840464,Greenland 2: Migration,"Having found the safety of the Greenland bunker after the comet Clarke decimated the Earth, the Garrity family must now risk everything to embark on a perilous journey across the wasteland of Europe to find a new home.","['Adventure', 'Thriller', 'Science Fiction']",2026-01-07,6.386,653,205.8209,en
1523145,Your Heart Will Be Broken,"High school student Polina is saved from bullying at her new school and makes a deal with the main bully Bars: he must pretend to be her boyfriend and protect her, and she must do everything he says. During this game, the couple develops real feelings, but her family and classmates have reasons to separate the lovers.","['Romance', 'Drama']",2026-03-26,6.3,3,228.1928,ru
1084242,Zootopia 2,"After cracking the biggest case in Zootopia's history, rookie cops Judy Hopps and Nick Wilde find themselves on the twisting trail of a great mystery when Gary De'Snake arrives and turns the animal metropolis upside down. To crack the case, Judy and Nick must go undercover to unexpected new parts of town, where their growing partnership is tested like never before.","['Animation', 'Comedy', 'Adventure', 'Family', 'Mystery']",2025-11-26,7.61,2284,179.3031,en
1327819,Hoppers,"Scientists have discovered how to 'hop' human consciousness into lifelike robotic animals, allowing people to communicate with animals as animals. Animal lover Mabel seizes an opportunity to use the technology, uncovering mysteries within the animal world beyond anything she could have imagined.","['Animation', 'Family', 'Science Fiction', 'Comedy']",2026-03-04,7.607,262,139.3869,en
1193501,Whistle,"A misfit group of unwitting high school students stumble upon a cursed object, an ancient Aztec Death Whistle. They discover that blowing the whistle and the terrifying sound it emits will summon their future deaths to hunt them down.","['Horror', 'Mystery']",2026-01-20,6.068,170,145.5484,en
1316092,"""Wuthering Heights""","Tragedy strikes when Heathcliff falls in love with Catherine Earnshaw, a woman from a wealthy family in 18th-century England.","['Romance', 'Drama']",2026-02-11,6.364,551,136.6963,en
1054867,One Battle After Another,"Washed-up revolutionary Bob exists in a state of stoned paranoia, surviving off-grid with his spirited, self-reliant daughter, Willa. When his evil nemesis resurfaces after 16 years and she goes missing, the former radical scrambles to find her, father and daughter both battling the consequences of his past.","['Thriller', 'Crime', 'Comedy']",2025-09-23,7.387,3246,116.1629,en
680493,Return to Silent Hill,"When James receives a mysterious letter from his lost love Mary, he is drawn to Silent Hill—a once-familiar town now consumed by darkness. As he searches for her, James faces monstrous creatures and unravels a terrifying truth that will push him to the edge of his sanity.","['Mystery', 'Drama', 'Horror']",2026-01-21,5.01,286,140.0409,en
1236153,Mercy,"In the near future, a detective stands on trial accused of murdering his wife. He has ninety minutes to prove his innocence to the advanced AI Judge he once championed, before it determines his fate.","['Science Fiction', 'Action', 'Thriller']",2026-01-20,7.081,801,134.8823,en
1088434,Hellfire,A drifter with a mysterious past arrives in a small town and finds the residents in the grip of a ruthless crime boss and realizes he has to help them.,"['Action', 'Thriller']",2026-02-05,6.924,59,122.7142,en
1634301,Vanaveera,A descendant of the Vanara clan is pushed into conflict when a modern-day Ravana seizes his only bike for an election rally. What starts as a petty injustice soon erupts into a fierce fight for self-respect and dignity.,"['Action', 'Drama']",2026-02-13,7.0,3,123.94,te
1311031,Demon Slayer: Kimetsu no Yaiba Infinity Castle,"The Demon Slayer Corps are drawn into the Infinity Castle, where Tanjiro, Nezuko, and the Hashira face terrifying Upper Rank demons in a desperate fight as the final battle against Muzan Kibutsuji begins.","['Animation', 'Action', 'Fantasy']",2025-07-18,7.7,768,123.7494,ja
1168190,The Wrecking Crew,"Estranged half-brothers Jonny and James reunite after their father's mysterious death. As they search for the truth, buried secrets reveal a conspiracy threatening to tear their family apart.","['Action', 'Comedy', 'Crime', 'Mystery']",2026-01-28,6.878,809,118.428,en
1233413,Sinners,"Trying to leave their troubled lives behind, twin brothers return to their hometown to start again, only to discover that an even greater evil is waiting to welcome them back.","['Horror', 'Action', 'Thriller']",2025-04-16,7.468,4120,98.9029,en
1582770,Dhurandhar: The Revenge,"As rival gangs, corrupt officials and a ruthless Major Iqbal close in, Hamza's mission for his country spirals into a bloody personal war where the line between patriot and monster disappears in the streets of Lyari.","['Action', 'Crime', 'Thriller']",2026-03-18,7.5,17,127.8733,hi
1419406,The Shadow's Edge,Macau Police brings the tracking expert police officer out of retirement to help catch a dangerous group of professional thieves.,"['Action', 'Crime', 'Drama', 'Thriller']",2025-08-16,7.192,513,109.8227,zh
1381216,Lake Jesup: Bonecrusher's Revenge,"In 2003, Lake Jesup became the stage for a real-life horror story, as a monstrous alligator escaped from captivity and began a reign of terror. As the body count rose, a desperate hunt ensued to stop the creature.","['Horror', 'Comedy', 'Adventure']",2024-05-01,6.182,21,125.7253,en
1368166,The Housemaid,"Trying to escape her past, Millie Calloway accepts a job as a live-in housemaid for the wealthy Nina and Andrew Winchester. But what begins as a dream job quickly unravels into something far more dangerous—a sexy, seductive game of secrets, scandal, and power.","['Drama', 'Mystery', 'Thriller']",2025-12-18,7.213,1585,104.7055,en
1058710,Bloodline Killer,Moira Cole endeavors to rebuild her shattered life after her family's murder at the hands of her deranged and obsessed cousin.,"['Horror', 'Thriller']",2024-04-26,5.745,47,96.9951,en
755898,War of the Worlds,"Will Radford is a top analyst for Homeland Security who tracks potential threats through a mass surveillance program, until one day an attack by an unknown entity leads him to question whether the government is hiding something from him... and from the rest of the world.","['Science Fiction', 'Thriller']",2025-07-29,4.16,930,96.9477,en
10538,Passenger 57,"Airline security specialist John Cutter, finally returning to the job after his wife's death, finds himself stuck on a flight being hijacked by notorious terrorist Charles Rane. Unfortunately for the terrorists, they're also stuck with him.","['Action', 'Adventure', 'Thriller']",1992-11-06,5.998,1094,66.5376,en
328595,Parallels,An underground MMA fighter must confront his sister and his past in an adventure through parallel universes,['Science Fiction'],2015-03-01,6.026,388,59.3214,en
1242898,Predator: Badlands,"Cast out from his clan, a young Predator finds an unlikely ally in a damaged android and embarks on a treacherous journey in search of the ultimate adversary.","['Action', 'Science Fiction', 'Adventure']",2025-11-05,7.695,2451,92.8452,en
1003596,Avengers: Doomsday,"The Avengers, Wakandans, Fantastic Four, Thunderbolts, and X-Men all fight against Doctor Doom. Plot TBA.","['Science Fiction', 'Action', 'Adventure']",2026-12-16,0.0,0,64.9797,en
14671,Summer School,"A high-school gym teacher has big plans for the summer, but is forced to cancel them to teach a ""bonehead"" English class for misfit goof-off students. Fortunately, his unconventional brand of teaching fun field trips begins to connect with them, and even inspires ardor in some.",['Comedy'],1987-07-22,6.36,272,87.2738,en
1314786,Agent Zeta,"Four Spanish ex-intelligence officers are assassinated simultaneously worldwide. The CNI discovers all participated in the covert ""Operation Ciénaga"" decades ago in Colombia. Zeta, the CNI's best operative, must hunt and protect the sole survivor, facing his deadliest global mission yet. Top Colombian agent Alfa will join Zeta, seemingly knowing more about ""Ciénaga""'s secrets than him.","['Drama', 'Thriller']",2026-03-20,6.839,31,98.7295,es
746467,USS Christmas,"Maddie, a reporter for a Norfolk newspaper, embarks on a Tiger Cruise during Christmastime where she meets a handsome naval officer and stumbles upon a mystery in the ship’s archive room.","['TV Movie', 'Mystery']",2020-11-28,6.784,44,84.5959,en
1234731,Anaconda,"A group of friends facing mid-life crises head to the rainforest with the intention of remaking their favorite movie from their youth, only to find themselves in a fight for their lives against natural disasters, giant snakes and violent criminals.","['Adventure', 'Comedy', 'Horror']",2025-12-24,5.876,826,91.3591,en
1426297,Play Dead,"A woman wakes up injured in a basement surrounded by corpses. To survive, she pretends to be dead while a grotesque ritual unfolds in the house above.",['Horror'],2025-03-29,5.6,23,95.2888,es
1367763,Lilly Lives Alone,"Guided by the ghost of her daughter, a guilt-ridden mother plunges into madness through the course of drug-fueled fever dream.","['Horror', 'Thriller']",2025-08-22,4.0,1,87.093,en
969681,Spider-Man: Brand New Day,"Four years have passed since the events of No Way Home, and Peter is now an adult living entirely alone, having voluntarily erased himself from the lives and memories of those he loves. Crime-fighting in a New York that no longer knows his name, he's devoted himself entirely to protecting his city — a full-time Spider-Man — but as the demands on him intensify, the pressure sparks a surprising physical evolution that threatens his existence, even as a strange new pattern of crimes gives rise to one of the most powerful threats he has ever faced.","['Science Fiction', 'Action', 'Adventure']",2026-07-29,0.0,0,76.6971,en
411135,Future World,A young boy searches a future world wasteland for a rumored cure for his dying mother.,['Science Fiction'],2018-05-25,4.306,276,74.2977,en
7451,xXx,"Xander Cage is your standard adrenaline junkie with no fear and a lousy attitude. When the US Government ""recruits"" him to go on a mission, he's not exactly thrilled. His mission: to gather information on an organization that may just be planning the destruction of the world, led by the nihilistic Yorgi.","['Action', 'Adventure', 'Thriller', 'Crime', 'Drama']",2002-08-09,5.98,4823,77.2199,en
1387382,Hunting Season,"When a reclusive survivalist and his daughter rescue a mysterious, wounded woman from a river, they become entangled in a deadly web of violence and revenge, forcing them to confront a brutal criminal to survive.","['Action', 'Drama', 'Thriller']",2025-12-05,6.997,158,71.923,en
227156,The Giver,"In a seemingly perfect community, without war, pain, suffering, differences or choice, a young boy is chosen to learn from an elderly man about the true pain and pleasure of the ""real"" world.","['Drama', 'Science Fiction']",2014-08-13,6.558,4596,47.1948,en
225914,Spider-Man,"When an extortionist threatens to force a multi-suicide unless a huge ransom is paid, only Peter Parker can stop him with his new powers as Spider-Man.","['Science Fiction', 'Action', 'Crime', 'TV Movie']",1977-09-14,6.302,207,49.0366,en
1167307,David,"From the songs of his mother’s heart to the whispers of a faithful God, David’s story begins in quiet devotion. When the giant Goliath rises to terrorize a nation, a young shepherd armed with only a sling, a few stones, and unshakable faith steps forward. Pursued by power and driven by purpose, his journey tests the limits of loyalty, love, and courage—culminating in a battle not just for a crown, but for the soul of a kingdom.","['Animation', 'Family', 'Drama']",2025-12-14,8.1,109,72.7995,en
727190,Slumberland Express,"Oswald the Rabbit and his little brother catch the Slumberland Express and it carries the assorted animals to childhood's dream of paradise - an amusement park where all the games are free, and windows are provided just to be broken by an abundant supply of free rocks, and old men wear silk hats to provide targets for snowballs. But Oswald's little brother wanders into Nightmare Land where terror reigns; the soap and comb and brush and toothpaste that plague a child's existence come to life.",['Animation'],1936-03-09,0.0,0,72.9195,en
1306368,The Rip,"Trust frays when a team of Miami cops discovers millions in cash inside a run-down stash house, calling everyone — and everything — into question.","['Action', 'Thriller', 'Crime']",2026-01-13,7.068,1407,64.4488,en
244458,The Voices,"A mentally unhinged factory worker must decide whether to listen to his talking cat and become a killer, or follow his dog's advice to keep striving for normalcy.","['Comedy', 'Crime', 'Horror', 'Fantasy']",2014-01-19,6.251,1879,45.1869,en
62029,Bingo Bongo,"The ape-man, found somewhere in the jungles of Congo, transferred to Milan and named Bingo Bongo. The only one who believes in the human qualities of him is Laura, a woman anthropologist , so their affection for each other even grows to love.",['Comedy'],1982-12-23,5.7,170,57.0591,it
1488684,The Robbers,"It's Boxing Day and already Karen is making New Year resolutions - chiefly for others - and the family have been burgled,though selectively,causing Sue to cheat on the insurance claim. Sue and Jake go to collect Grandad from the retirement home where he now lives,only to find he has sloped off to the pub again with Scots mate Mac. Sue ends up asking Mac back for dinner though his thick accent creates a language barrier for Karen. Sue's divorced friend Jane is also invited and though the children fail to appreciate her present for them,a goat donated to Oxfam,Pete feels sorry for her and is glad that the Brockmans have given a Christmas to lonely strangers - until a W.P.C. turns up with another old boy who has gone walkabout.",['Comedy'],2009-12-27,0.0,0,63.6721,en
46563,Saratoga Trunk,An opportunistic Texas gambler and the exiled Creole daughter of an aristocratic family join forces to achieve justice from the society that has ostracized them.,"['Drama', 'Romance', 'Western']",1945-11-21,5.7,15,44.5387,en
513592,Vodnická čertovina,"When something flashes across the pond dam in the early evening, it could be the gamekeeper Čeřínek, or the poacher Kopýtko and the tailor Nitka, or... could it be Pepík and Franta? A water sprite, no, water sprites don't exist, only superstitious old women and the poor fish warden, who is a little scared of guarding the carp in the tower, believe in them. At least that's what Kopýtko and Nitka think as they plunder the pond so that their mischievous wives can show off. And what if they manage to catch a colossal fish, a carp bigger than anyone has ever seen before? Immediately, a plan emerges in their greedy minds to pass the carp off as a water sprite, display it in pubs, and make a fortune.","['Family', 'Fantasy', 'TV Movie']",1996-01-01,0.0,0,61.5463,cs
185341,[REC]⁴ Apocalypse,"Ángela Vidal, the young television reporter who entered the building with the firemen, manages to make it out alive. But what the soldiers don't know is that she carries the seed of the strange infection. She is to be taken to a provisional quarantine facility, a high-security installation where she will have to stay in isolation for several days. An old oil tanker, miles off shore and surrounded by water on all sides, has been especially equipped for the quarantine.","['Thriller', 'Horror']",2014-10-31,5.613,1249,40.7048,es
1081676,Forgotten Love,A once-respected surgeon who's lost his family and his memory gets a chance at redemption when he reconnects with someone from his forgotten past.,"['Drama', 'Romance']",2023-09-26,7.8,345,41.4909,pl
1451398,Re/Member: The Last Night,"Three years after completing a deadly game, high schoolers trapped in a looping nightmare must survive brutal encounters and unravel a terrifying curse.",['Horror'],2025-09-05,4.7,9,56.5872,ja
696393,Cold Storage,"When a mutating, highly contagious fungus escapes a sealed facility, two employees – joined by a grizzled bioterror operative – must survive the wildest night shift ever to save humanity from extinction.","['Horror', 'Science Fiction', 'Comedy']",2026-01-22,6.8,235,56.3812,en
1272837,28 Years Later: The Bone Temple,Dr. Kelson finds himself in a shocking new relationship - with consequences that could change the world as they know it - and Spike's encounter with Jimmy Crystal becomes a nightmare he can't escape.,"['Horror', 'Thriller', 'Science Fiction']",2026-01-14,7.199,864,61.7091,en
278,The Shawshank Redemption,"Imprisoned in the 1940s for the double murder of his wife and her lover, upstanding banker Andy Dufresne begins a new life at the Shawshank prison, where he puts his accounting skills to work for an amoral warden. During his long stretch in prison, Dufresne comes to be admired by the other inmates -- including an older prisoner named Red -- for his integrity and unquenchable sense of hope.","['Drama', 'Crime']",1994-09-23,8.717,29964,54.491,en
1284460,Alpha,"Alpha, a troubled 13-year-old lives with her single mom. Their world collapses the day she returns from school with a tattoo on her arm.","['Horror', 'Drama', 'Science Fiction', 'Thriller']",2025-08-20,6.4,99,47.6869,fr
24428,The Avengers,"When an unexpected enemy emerges and threatens global safety and security, Nick Fury, director of the international peacekeeping agency known as S.H.I.E.L.D., finds himself in need of a team to pull the world back from the brink of disaster. Spanning the globe, a daring recruitment effort begins!","['Science Fiction', 'Action', 'Adventure']",2012-04-25,7.974,36629,57.3618,en
1426964,State of Fear,"As São Paulo erupts in an unprecedented wave of violence, a lawyer with underworld ties must strike a deal with the police to rescue her kidnapped niece.","['Action', 'Thriller', 'Crime', 'Drama']",2026-02-10,5.424,59,59.768,pt
1584215,The Internship,"A CIA-trained assassin recruits other graduates from her secret childhood program, The Internship, to violently destroy the organization. The CIA fights back with deadly force.",['Action'],2026-01-13,6.11,59,57.8519,en
1539104,JUJUTSU KAISEN: Execution,"A veil abruptly descends over the busy Shibuya area amid the bustling Halloween crowds, trapping countless civilians inside. Satoru Gojo, the strongest jujutsu sorcerer, steps into the chaos. But lying in wait are curse users and spirits scheming to seal him away. Yuji Itadori, accompanied by his classmates and other top-tier jujutsu sorcerers, enters the fray in an unprecedented clash of curses — the Shibuya Incident. In the aftermath, ten colonies across Japan are transformed into dens of curses in a plan orchestrated by Noritoshi Kamo. As the deadly Culling Game starts, Special Grade sorcerer Yuta Okkotsu is assigned to carry out Yuji's execution for his perceived crimes. A compilation movie of Shibuya Incident including the first two episodes of the Culling Games arc.","['Animation', 'Action', 'Fantasy']",2025-11-07,5.8,86,58.1728,ja
582793,Cradle,"Eade is a fourteen year old girl who has spent her entire life on the spaceship Cradle. Eade and her dad are on the return journey to Earth when an explosion cripples the craft and seriously injures her father. As the clock counts down to self-destruction Cradle’s computer, System, assumes control of the ship and refuses to perform the life saving medical procedure that her father desperately needs. Whilst trying to outwit System to save her dad, Eade discovers the shocking truth of her existence and must face her uncertain future armed with the knowledge that her life in space is not as it seems.",['Science Fiction'],2016-07-23,0.0,0,55.4183,en
1317288,Marty Supreme,"Marty Mauser, a young man with a dream no one respects, goes to hell and back in pursuit of greatness.","['Drama', 'Thriller']",2025-12-19,7.459,1396,50.8705,en
14778,Last Orders,"Jack Dodd was a London butcher who enjoyed a pint with his mates for over 50 years. When he died, he died as he lived, with a smile on his face watching a horse race on which he had bet, with borrowed money. But before he died he had a final request, 'Last Orders', that his ashes be scattered in the sea at Margate. The movie follows his mates, Ray, Lenny and Vic and his foster son Vince as they journey to the sea with the ashes. Along the way, the threads of their lives, their loves and their disappointments are woven together in their memories of Jack and his wife Amy","['Comedy', 'Drama']",2001-09-10,5.968,79,57.4479,en
397805,Brothers,"The story of two brothers, Tom and Jake, and their problematic relationship.",['Drama'],2015-09-12,6.588,40,38.314,en
803796,KPop Demon Hunters,"When K-pop superstars Rumi, Mira and Zoey aren't selling out stadiums, they're using their secret powers to protect their fans from supernatural threats.","['Fantasy', 'Music', 'Comedy', 'Animation']",2025-06-20,8.04,2550,56.2494,en
425274,Now You See Me: Now You Don't,"The original Four Horsemen reunite with a new generation of illusionists to take on powerful diamond heiress Veronika Vanderberg, who leads a criminal empire built on money laundering and trafficking. The new and old magicians must overcome their differences to work together on their most ambitious heist yet.","['Thriller', 'Crime']",2025-11-12,6.541,1263,56.9723,en
1119449,"Good Luck, Have Fun, Don't Die",A 'Man from the Future' arrives at an LA diner where he must recruit the precise combination of disgruntled patrons to join him on a one-night quest to save the world from the terminal threat of a rogue artificial intelligence.,"['Science Fiction', 'Action', 'Comedy']",2026-02-13,6.862,217,48.8978,en
1217584,Torrente for President,"Years have passed since his last adventure, but José Luis Torrente, the most politically incorrect former cop in Spain, still sees himself as a national hero.",['Comedy'],2026-03-13,6.321,14,47.7562,es
1448560,Wildcat,An ex-black ops team reunite to pull off a desperate heist in order to save the life of their leader’s eight-year-old daughter.,"['Action', 'Thriller']",2025-11-19,6.194,142,54.9817,en
1650558,Abot Langit,"The relationship of a couple is tested when the girl’s first official flight pairs her with a confident senior pilot, jealousy and power dynamics surface in the training ground. The girl is now torn between her present relationship and new temptation she can’t resist.",['Romance'],2026-03-13,5.0,1,52.8701,tl
858024,Hamnet,"The powerful story of love and loss that inspired the creation of Shakespeare's timeless masterpiece, Hamlet.","['Drama', 'Romance', 'History']",2025-11-26,7.7,1088,50.7815,en
157336,Interstellar,The adventures of a group of explorers who make use of a newly discovered wormhole to surpass the limitations on human space travel and conquer the vast distances involved in an interstellar voyage.,"['Adventure', 'Drama', 'Science Fiction']",2014-11-05,8.468,39176,50.3228,en
1601243,Oscar Shaw,"After retiring from the police force, a relentless detective haunted by the tragic loss of his closest friend sets out on a perilous quest for vengeance, seeking redemption and fighting to restore justice to the streets he once swore to protect.","['Action', 'Crime', 'Thriller', 'Western']",2026-01-09,6.692,26,52.2424,en
991708,El Conde,"After living for over two centuries, Augusto Pinochet is a vampire ready to die… but the vultures around him won't let him go without one last bite.","['Fantasy', 'Comedy', 'Horror']",2023-09-07,6.157,338,44.366,es
337170,American Made,"The true story of pilot Barry Seal, who transported contraband for the CIA and the Medellin cartel in the 1980s.","['Action', 'Comedy', 'Crime', 'Drama']",2017-08-18,6.9,4904,44.4303,en
512850,Ošklivá princezna,"A fairy-tale comedy about how a king decided to marry off both of his daughters on the same day. Princess Zlata is a true beauty who has no shortage of suitors. Princess Pepička is less fortunate, as fate has blessed her with a good heart and a sharp mind, but has been stingy with beauty. And so the king decided to marry off his adult daughters at the same time and hold both weddings together.","['Family', 'Fantasy', 'TV Movie']",1999-10-17,0.0,0,52.0325,cs
634649,Spider-Man: No Way Home,"Peter Parker is unmasked and no longer able to separate his normal life from the high-stakes of being a super-hero. When he asks for help from Doctor Strange the stakes become even more dangerous, forcing him to discover what it truly means to be Spider-Man.","['Action', 'Adventure', 'Science Fiction']",2021-12-15,7.933,21686,56.3859,en
12405,Slumdog Millionaire,"A teenager reflects on his life after being accused of cheating on the Indian version of ""Who Wants to be a Millionaire?"".","['Drama', 'Romance']",2008-11-12,7.729,11189,51.8122,en
1291608,Dhurandhar,"A mysterious traveler slips into the heart of Karachi's underbelly and rises through its ranks with lethal precision, only to tear the notorious ISI-Underworld nexus apart from within.","['Action', 'Crime', 'Thriller']",2025-12-05,6.95,219,55.6307,hi
1062722,Frankenstein,"Dr. Victor Frankenstein, a brilliant but egotistical scientist, brings a creature to life in a monstrous experiment that ultimately leads to the undoing of both the creator and his tragic creation.","['Drama', 'Fantasy', 'Horror']",2025-10-17,7.651,3182,46.7827,en
1511417,Bāhubali: The Epic,"When a mysterious child is found by a tribal couple near a roaring waterfall, they raise him as their own. As he grows, Sivudu is drawn to the world beyond the cliffs, where he discovers the ancient kingdom of Mahishmati, ruled by a cruel tyrant, haunted by rebellion, and bound to his past. What begins as a quest for love soon unravels a legacy of betrayal, sacrifice, and a forgotten prince.","['Action', 'Drama']",2025-10-29,6.0,33,50.2765,te
11431,Fever Pitch,"When Ben Wrightman, a young teacher, begins dating pretty businesswoman Lindsey Meeks, the two don't seem to have a lot of the same interests, but they fall in love, regardless. Their romance goes well until baseball season begins, and Lindsey soon realizes that Ben is completely obsessed with the Boston Red Sox. Though she tries to understand Ben's passionate team loyalty, eventually it threatens to end their otherwise happy relationship.","['Romance', 'Comedy']",2005-04-06,6.2,750,41.412,en
1362514,House on Eden,"Paranormal investigators Kris, Celina and their videographer Jay are rerouted to an abandoned house deep in the woods, where they find themselves facing a force unlike anything they've encountered before. As the night spirals into chaos, missing crew members and eerie phenomena hint at an ancient, malevolent presence watching their every move.",['Horror'],2025-07-25,4.763,40,43.9105,en
14262,Desperate Living,"After killing her husband, Peggy Gravel and her murderous maid Grizelda wind up in the crazy town of Mortville, where Queen Carlotta presides over a sleazy collection of misfits.","['Comedy', 'Crime']",1977-05-27,6.4,114,40.9873,en
1246049,Dracula,"In late 15th-century Eastern Europe, Prince Vlad II’s bride is brutally murdered. As a result, he renounces God and damns Heaven itself. Cursed with eternal life, Vlad is reborn as Dracula, an immortal warlord who defies fate in a blood-soaked crusade to wrench his lost love back from death.","['Horror', 'Fantasy', 'Romance']",2025-07-30,7.093,976,50.1972,fr
590965,Drag Racer,"Jeff is sick of losing weekend grudge matches with his Dodge Challenger and longs for the chance to drive a top fuel dragster. When a top racing team cans their driver, Jeff sees an opportunity to make his dreams come true. IF he can prove that he has what it takes to be a real driver.","['Action', 'Drama']",1972-08-04,0.0,0,31.6238,en
1110034,Kraken,"Marine biologist Johanne is doing research on a fish farm in Vangsnes, a rural community located by the fjord, when she encounters several strange occurrences. Along with the brutal deaths of two local teenagers, all signs point to the deep fjord; can there be more to the depths than the eye can see? At the bottom of the deepest fjord rests a mythical monster as large as a mountain, with a myriad of arms ready to crush and devour anything they can grab.","['Horror', 'Action', 'Thriller']",2026-02-06,6.2,8,50.4469,no
225278,Run,"A backpacker on the run from home writes a letter home, but there may be more to him than appears.","['Drama', 'Horror']",2012-10-18,5.333,6,46.7902,en
749343,The Catcher,An ex-cop and a Harvard graduate team up to become bounty hunters.,"['Crime', 'Drama', 'TV Movie']",1972-06-02,6.0,1,39.9522,en
1401778,Turbulence,"Young married couple Zach and Emmy decide to take a hot air balloon trip across the Italian Dolomites to rekindle their relationship. When they and pilot Harry are joined by a third passenger, Julia, events unfold in ways they could never imagine five thousand meters in the air.","['Thriller', 'Action', 'Adventure', 'Drama', 'Fantasy']",2025-11-26,5.994,79,46.8637,en
1516744,Shall we Dance?,"Hailey Hartz was born to a normal family, led a normal college-student life and now works at a normal job. This normal guy created a normal family and thus has the kind of good fortune that anyone would be envious of. Nothing is unsatisfactory about his life, we would expect. But even so, Hailey believes something to change his day-to-day routine awaits him at some point down the line. One day, on his daily commute, he looks up from a train station platform to discover a ballroom dance studio. As he stares at a beautiful woman standing in the studio's window, a vague notion comes to him: What if he were to muster up a bit of courage and march right toward the door? Would his fortunes see a massive change? Piqued by this thought, and after much inner debate, Hailey sets foot inside the dance studio.",[],2014-02-09,0.0,0,39.4054,ja
502356,The Super Mario Bros. Movie,"While working underground to fix a water main, Brooklyn plumbers—and brothers—Mario and Luigi are transported down a mysterious pipe and wander into a magical new world. But when the brothers are separated, Mario embarks on an epic quest to find Luigi.","['Family', 'Comedy', 'Adventure', 'Animation', 'Fantasy']",2023-04-05,7.6,10349,50.6437,en
1266127,Ready or Not: Here I Come,"Moments after surviving an all-out attack from the Le Domas family, Grace discovers she’s reached the next level of the nightmarish game — and this time with her estranged sister Faith at her side. Grace has one chance to survive, keep her sister alive, and claim the High Seat of the Council that controls the world. Four rival families are hunting her for the throne, and whoever wins rules it all.","['Horror', 'Comedy']",2026-03-19,7.313,32,54.472,en
1241470,Osiris,"Special Forces commandos on a mission are abducted mid-operation by a mysterious spacecraft. Upon waking aboard, they find themselves prey to a relentless alien race in a fight for survival.","['Science Fiction', 'Action', 'Horror']",2025-07-25,5.917,211,49.8869,en
384530,Cipher Bureau,The younger brother of an officer in a secret government code-breaking unit gets involved with a gang of spies and a beautiful double agent.,['Drama'],1938-10-25,4.4,5,35.755,en
54979,Robinson Crusoe,"The titular adventurer, after defying his parents to go to sea, survives a shipwreck and becomes a castaway on a deserted island for nearly thirty years, learning to build a new life from scratch, discovering companionship with a native man he names Friday, and eventually returning to civilisation a changed man, finding wealth and new challenges.","['Adventure', 'Drama']",1954-08-05,6.339,93,39.0089,en
1367642,Reminders of Him,"When Diem's custodial grandparents adamantly refuse Kenna's attempts to see her daughter, Kenna discovers unexpected compassion, and then something truer and deeper, with former NFL player and local bar owner Ledger. As their secret romance develops, so do the dangers for both of them, leading Kenna toward heartbreak and, ultimately, the hope for a second chance.","['Romance', 'Drama']",2026-03-11,7.0,57,40.9798,en
11375,Hollywood Homicide,"Joe Gavilan and his new partner K. C. Calden, are detectives on the beat in Tinseltown. Neither one of them really wants to be a cop, Gavilan moonlights as a real estate broker, and Calden is an aspiring actor moonlighting as a yoga instructor. When the two are assigned a big case they must work out whether they want to solve the case or follow their hearts.","['Action', 'Adventure', 'Comedy', 'Thriller']",2003-06-09,5.237,688,36.5153,en
911430,F1,Racing legend Sonny Hayes is coaxed out of retirement to lead a struggling Formula 1 team—and mentor a young hotshot driver—while chasing one more chance at glory.,"['Action', 'Drama']",2025-06-25,7.748,3602,42.6835,en
1170608,Dune: Part Three,"As Emperor, Paul Atreides grapples with the consequences of his rise to power as political conspiracies and a galaxy-spanning holy war threaten the future he alone can foresee.","['Adventure', 'Science Fiction', 'Thriller']",2026-12-16,0.0,0,37.1394,en
983832,Crooks,A group of criminals must rethink their plan of leaving town following a successful bank heist when they are double-crossed by a member of their own crew.,"['Crime', 'Thriller']",,0.0,0,27.8798,en
1297842,GOAT,"A small goat with big dreams gets a once-in-a-lifetime shot to join the pros and play roarball, a high-intensity, co-ed, full-contact sport dominated by the fastest, fiercest animals in the world.","['Animation', 'Comedy', 'Family']",2026-02-11,7.5,114,42.3735,en
1196067,Worldbreaker,"Five years ago, a tear in the fabric of reality brought creatures to our world from an alternate dimension bent on our destruction. A father hides his daughter on an island to keep her safe while he prepares her for survival and the battles to come. But when the world is about to break, no place is safe.","['Science Fiction', 'Action', 'Horror']",2025-10-30,5.899,104,42.1525,en
299536,Avengers: Infinity War,"As the Avengers and their allies have continued to protect the world from threats too large for any one hero to handle, a new danger has emerged from the cosmic shadows: Thanos. A despot of intergalactic infamy, his goal is to collect all six Infinity Stones, artifacts of unimaginable power, and use them to inflict his twisted will on all of reality. Everything the Avengers have fought for has led up to this moment - the fate of Earth and existence itself has never been more uncertain.","['Adventure', 'Action', 'Science Fiction']",2018-04-25,8.234,31623,44.9002,en
36568,Paulie,"Paulie, a talking parrot, recounts his travels looking for his original owner to a Russian janitor who helps him to the end of his journey.","['Drama', 'Comedy', 'Family', 'Adventure']",1998-04-17,6.9,516,35.6197,en
237335,Grape Nutty,"The fox and crow are sharing grapes while the crow reads a book about a similar fox and crow sharing grapes who eventually fought it out for the last one. What a coincidence... at that moment, there is only one grape left. Both try to pretend they don't want it but each secretly tries to make off with the last grape first. They try using a fishing rod only to hook each other. The crow sneaks across in a pair of underwear but is discovered by the fox. The crow tries sleepwalking but is again discovered. After feuding with each other through the phone, they attack each other and a free-for-all ensues. Finally, the crow decides this sparring isn't worth it and insists the fox can have the last grape. The fox, now equally courteous, offers it to the crow who doesn't want it. At this point, the feuding begins anew.","['Animation', 'Comedy']",1949-04-13,0.0,0,41.6457,en
1646787,Sundutan,"A hole on the wall accidentally connects two women emotionally and physically. Forbidden love, greed, betrayal... what lies beyond the hole? And for how long can they keep covering it up?",['Drama'],2026-03-06,4.0,1,44.0062,tl
238,The Godfather,"Spanning the years 1945 to 1955, a chronicle of the fictional Italian-American Corleone crime family. When organized crime family patriarch, Vito Corleone barely survives an attempt on his life, his youngest son, Michael steps in to take care of the would-be killers, launching a campaign of bloody revenge.","['Drama', 'Crime']",1972-03-14,8.687,22634,40.8372,en
1180831,Troll 2,"When a dangerous new troll unleashes devastation across their homeland, Nora, Andreas and Major Kris embark on their most perilous mission yet.","['Action', 'Fantasy', 'Thriller']",2025-11-30,6.455,440,38.3931,no
1424965,Ice Skater,"A survival drama about an ice skater stranded on an ice floe at the Arctic Sea. When the ice floe starts to float towards south and melt, the ice skater must use all means necessary to survive.","['Drama', 'Thriller']",2026-02-24,5.5,11,37.1184,en
46283,The Sisters,"Based on Anton Chekov's ""The Three Sisters"" about siblings living in a college town who struggle with the death of their father and try to reconcile relationships in their own lives.",['Drama'],2005-04-23,4.8,19,33.9102,en
1234821,Jurassic World Rebirth,"Five years after the events of Jurassic World Dominion, covert operations expert Zora Bennett is contracted to lead a skilled team on a top-secret mission to secure genetic material from the world's three most massive dinosaurs. When Zora's operation intersects with a civilian family whose boating expedition was capsized, they all find themselves stranded on an island where they come face-to-face with a sinister, shocking discovery that's been hidden from the world for decades.","['Science Fiction', 'Adventure', 'Action']",2025-07-01,6.298,3122,40.1294,en
458576,Monster Hunter,"A portal transports Cpt. Artemis and an elite unit of soldiers to a strange world where powerful monsters rule with deadly ferocity. Faced with relentless danger, the team encounters a mysterious hunter who may be their only hope to find a way home.","['Action', 'Fantasy', 'Adventure']",2020-12-03,6.526,3510,31.866,en
217890,The Hook,Three soldiers in Korea go through inner torment when they're ordered to execute an enemy soldier.,"['War', 'Drama']",1963-02-15,6.1,17,31.9058,en
1363123,The Family Plan 2,"Now that Dan's assassin days are behind him, all he wants for Christmas is quality time with his kids. But when he learns his daughter has her own plans, he books a family trip to London—putting them all in the crosshairs of an unexpected enemy.","['Action', 'Comedy']",2025-11-11,6.534,526,39.9395,en
1291335,Solo Mio,"After Matt's dreams of a picturesque Italian wedding are shattered when his fiancée leaves him at the altar, he embarks on his planned honeymoon across Italy alone, immersing himself in the country's vibrant culture, food, and beauty, meeting Gia along the way.","['Romance', 'Comedy']",2026-02-05,7.088,85,35.5923,en
438631,Dune,"Paul Atreides, a brilliant and gifted young man born into a great destiny beyond his understanding, must travel to the most dangerous planet in the universe to ensure the future of his family and his people. As malevolent forces explode into conflict over the planet's exclusive supply of the most precious resource in existence-a commodity capable of unlocking humanity's greatest potential-only those who can conquer their fear will survive.","['Science Fiction', 'Adventure']",2021-09-15,7.778,14598,37.7599,en
1010581,My Fault,"Noah must leave her city, boyfriend, and friends to move into William Leister's mansion, the flashy and wealthy husband of her mother Rafaela. As a proud and independent 17 year old, Noah resists living in a mansion surrounded by luxury. However, it is there where she meets Nick, her new stepbrother, and the clash of their strong personalities becomes evident from the very beginning.","['Drama', 'Romance', 'Thriller']",2023-06-08,7.752,4021,39.9695,es
798645,The Running Man,"Desperate to save his sick daughter, working-class Ben Richards is convinced by The Running Man's charming but ruthless producer to enter the deadly competition game as a last resort. But Ben's defiance, instincts, and grit turn him into an unexpected fan favorite — and a threat to the entire system. As ratings skyrocket, so does the danger, and Ben must outwit not just the Hunters, but a nation addicted to watching him fall.","['Action', 'Thriller', 'Science Fiction']",2025-11-11,6.766,1303,39.3453,en
643228,The Hypocrite,"Deceit (sometimes referred to as The Deceit) is a 1923 American silent black-and-white film. It is a conventional melodrama directed by Oscar Micheaux.[1] Like many of Micheaux's films, Deceit casts clerics in a negative light.[2] Although the film was shot in 1921, it was not released until 1923.[3] It is not known whether the film currently survives,[4] which suggests that it is a lost film.  The 1922 film The Hypocrite was shown within Deceit as a film within a film.",['Drama'],1921-06-01,0.0,0,24.6098,en
1228246,Five Nights at Freddy's 2,"One year since the supernatural nightmare at Freddy Fazbear's Pizza, the stories about what transpired there have been twisted into a campy local legend, inspiring the town's first ever Fazfest. With the truth kept from her, Abby sneaks out to reconnect with Freddy, Bonnie, Chica, and Foxy, setting into motion a terrifying series of events that will reveal dark secrets about the real origin of Freddy's, and unleash a decades-hidden horror.","['Horror', 'Thriller']",2025-12-03,6.683,824,37.6028,en
225143,Gap,"There are many GAPS. These gaps cause divides and arguments and hatred. And because there are so many gaps, there must be a many lessons taught. Gap the movie, tells us that there is a man out there who is teaching this lesson by taking the blood of the ignorant. The rich, who distain and distance themselves from the poor, the ""skater dudes"" slamming in to the aging hippie, the attacks on color and culture, the media's mockery of the overweight. The left and the right are both Americans, but from different worlds. The pretty, pretty pressed against the ugly in disgust. Short and tall, thin and wide, all we can see are the differences. These differences are chips that fall away from our core. We need to open up. We need to stitch the gaps together. Slice the gaps open and then stitch them back together.",[],2008-02-22,1.0,1,24.2408,en
991494,The SpongeBob Movie: Search for SquarePants,"Desperate to be a big guy, SpongeBob sets out to prove his bravery to Mr. Krabs by following The Flying Dutchman – a mysterious swashbuckling ghost pirate – on a seafaring adventure that takes him to the deepest depths of the deep sea, where no Sponge has gone before.","['Animation', 'Family', 'Comedy', 'Adventure', 'Fantasy']",2025-12-16,6.8,240,36.2157,en
43431,The Longest Penalty Shot in the World,"Fernando (Fernando Tejero) is a loser. A gray type, without ambition, that works like bookcases distributor in a supermarket of the quarter. In his free short whiles, he is a substitute keeper of a football team, a third regional one. In all the season he has not played a single minute. But the last Sunday of the league the referee indicates penalty and the regular keeper injures itself. Fernando must occupy the goal for the first time. If penalty scores, the team of the district will proclaim champion. If no, all the effort of a year will not have been worth for anything. When the penalty is just about to be kicked, a group of indignant fans with the referee invades the field and prevents the kick. The competition committee decides that the penalty must play the following Sunday, in the same goal, with same players and the field closed to the public. El Penalti más largo del mundo, (The Longest Penalty Shot in the World) is exactly the history of that week of delay.",['Comedy'],2005-03-08,5.3,47,36.6633,es
14223,Wind Chill,"Two college students share a ride home for the holidays. When they break down on a deserted stretch of road, they're preyed upon by the ghosts of people who have died there.","['Drama', 'Horror', 'Thriller']",2007-05-18,5.834,516,30.5266,en
1226863,The Super Mario Galaxy Movie,"Having thwarted Bowser's previous plot to marry Princess Peach, Mario and Luigi now face a fresh threat in Bowser Jr., who is determined to liberate his father from captivity and restore the family legacy. Alongside companions new and old, the brothers travel across the stars to stop the young heir's crusade.","['Family', 'Fantasy', 'Comedy', 'Adventure', 'Animation']",2026-04-01,0.0,0,35.7532,en
138858,Dire Wolf,"A vicious genetically modified creature that's half human and half dire wolf escapes from a research facility so it can go on a murderous rampage in a quiet rural community. It's up to the easygoing Sheriff Parker, eager game warden Jim, and a couple of government agents to stop the beast before things get too out of hand.",['Horror'],2009-09-25,5.231,13,26.6007,en
1381027,The Good Boy,"Tommy, a volatile 19-year-old, revels in drugs, parties and violence. After getting separated from his friends on a drunken bender, he is abducted by a shadowy figure. He wakes to find himself imprisoned in the basement of a remote Yorkshire house, inhabited by a very strange family. But what unfolds is not what he could possibly expect.","['Thriller', 'Drama', 'Mystery']",2026-03-06,7.782,39,31.4924,en
461955,Rakka,"A story of broken humanity following the invasion of a technologically superior alien species. Bleak, harrowing, and unrelenting, the humans must find enough courage to go on fighting.","['Action', 'Science Fiction', 'Horror', 'War']",2017-06-14,6.994,341,27.5128,en
191583,War Drums,The friendship between a white man &amp; an Apache chief is tested when they fall in love with the same woman,['Western'],1957-03-21,5.8,11,28.1401,en
1406657,Scarlet,"After failing to avenge her father's murder, Princess Scarlet, wakes up in the ""Land of the Dead."" In this world filled with madness, if she does not achieve her revenge against her nemesis and reach the ""No End Place,"" she will become ""Void"" and cease to exist. Can Scarlet find a way to live at the end of her endless journey?","['Animation', 'Action', 'Drama', 'Science Fiction']",2025-11-21,6.8,41,32.6251,ja
1191876,From the Ashes,"Jailed for her husband's crime, a woman discovers that her only way out is to solve riddles from her mysterious past.",['Drama'],2027-06-01,0.0,0,35.4739,en
693134,Dune: Part Two,"Follow the mythic journey of Paul Atreides as he unites with Chani and the Fremen while on a path of revenge against the conspirators who destroyed his family. Facing a choice between the love of his life and the fate of the known universe, Paul endeavors to prevent a terrible future only he can foresee.","['Science Fiction', 'Adventure']",2024-02-27,8.13,7663,33.1584,en
120,The Lord of the Rings: The Fellowship of the Ring,"Young hobbit Frodo Baggins, after inheriting a mysterious ring from his uncle Bilbo, must leave his home in order to keep it from falling into the hands of its evil creator. Along the way, a fellowship is formed to protect the ringbearer and make sure that the ring arrives at its final destination: Mt. Doom, the only place where it can be destroyed.","['Adventure', 'Fantasy', 'Action']",2001-12-18,8.429,27188,31.0981,en
533533,TRON: Ares,"A highly sophisticated Program called Ares is sent from the digital world into the real world on a dangerous mission, marking humankind's first encounter with A.I. beings.","['Science Fiction', 'Adventure', 'Action']",2025-10-08,6.485,1281,33.6205,en
759584,Surrounded,"After her stagecoach is ambushed, a woman is  tasked with holding a dangerous outlaw captive and must survive the day when the bandit’s gang tries to free him.","['Western', 'Action', 'Drama']",2023-04-02,6.041,74,26.6429,en
155,The Dark Knight,"Batman raises the stakes in his war on crime. With the help of Lt. Jim Gordon and District Attorney Harvey Dent, Batman sets out to dismantle the remaining criminal organizations that plague the streets. The partnership proves to be effective, but they soon find themselves prey to a reign of chaos unleashed by a rising criminal mastermind known to the terrified citizens of Gotham as the Joker.","['Action', 'Crime', 'Thriller']",2008-07-16,8.528,35357,31.7384,en
1218925,Chainsaw Man - The Movie: Reze Arc,"In a brutal war between devils, hunters, and secret enemies, a mysterious girl named Reze has stepped into Denji's world, and he faces his deadliest battle yet, fueled by love in a world where survival knows no rules.","['Animation', 'Action', 'Romance', 'Fantasy']",2025-09-19,8.329,768,31.4742,ja
1439112,Muzzle: City of Wolves,"LAPD officer Jake Rosser endeavors to lead a peaceful life with his family and retired K-9 officer, Socks. However, tranquility dissolves into chaos when a gang targets them in a brutal attack. Alongside his new K-9 partner Argos, Jake launches into a relentless pursuit of justice, determined to protect his loved ones.","['Action', 'Thriller', 'Mystery']",2025-11-13,6.713,115,29.568,en
1611398,Un hombre por semana,A divorced woman reconstructs her life and opens herself to love. Her search for dating apps takes her through fun and unpredictable moments to discover self-love.,"['Comedy', 'Romance', 'Drama']",2026-01-08,6.333,12,36.5546,es
1417797,BIG STUDENT 学霸,"A grandfather`s unwavering determination to take the SPM examination in memory of his deceased grandchild, who tragically passed away before he could sit for his own exam.",[],2025-01-16,0.0,0,31.282,en
266417,They Learned About Women,"Jack and Jerry are doing okay between profession baseball and Vaudeville. That is, until love and gold-diggers get in the way.","['Music', 'Drama']",1930-01-30,4.0,4,32.4032,en
226674,The Adolescent,"In the summer of 1939, 13-year-old Marie goes with her parents to visit her grandparents in a small town near Avignon. Marie discovers her femininity and falls for a young Jewish doctor, but he prefers Eva, Marie's mother.",['Drama'],1979-01-24,4.3,12,27.0723,fr
269149,Zootopia,"Determined to prove herself, Officer Judy Hopps, the first bunny on Zootopia's police force, jumps at the chance to crack her first case - even if it means partnering with scam-artist fox Nick Wilde to solve the mystery.","['Animation', 'Adventure', 'Family', 'Comedy']",2016-02-11,7.76,17843,29.7453,en
1305781,Blades of the Guardians: Wind Rises in the Desert,"Dao Ma, the ""second most wanted fugitive,"" is entrusted by his benefactor, the chief of Mo family clan, to take on a mysterious escort mission-escorting the ""most wanted fugitive"" to Chang'an.","['Action', 'Drama', 'History']",2026-02-17,7.094,32,29.645,zh
315635,Spider-Man: Homecoming,"Following the events of Captain America: Civil War, Peter Parker, with the help of his mentor Tony Stark, tries to balance his life as an ordinary high school student in Queens, New York City, with fighting crime as his superhero alter ego Spider-Man as a new threat, the Vulture, emerges.","['Action', 'Adventure', 'Science Fiction']",2017-07-05,7.329,22944,32.0901,en
557,Spider-Man,"After being bitten by a genetically altered spider at Oscorp, nerdy but endearing high school student Peter Parker is endowed with amazing powers to become the superhero known as Spider-Man.","['Action', 'Science Fiction']",2002-05-01,7.322,20424,30.5952,en
1061474,Superman,"Superman, a journalist in Metropolis, embarks on a journey to reconcile his Kryptonian heritage with his human upbringing as Clark Kent.","['Science Fiction', 'Adventure', 'Action']",2025-07-09,7.348,4500,31.0539,en
19995,Avatar,"In the 22nd century, a paraplegic Marine is dispatched to the moon Pandora on a unique mission, but becomes torn between following orders and protecting an alien civilization.","['Action', 'Adventure', 'Science Fiction']",2009-12-16,7.6,33637,28.9945,en
181808,Star Wars: The Last Jedi,"Rey develops her newly discovered abilities with the guidance of Luke Skywalker, who is unsettled by the strength of her powers. Meanwhile, the Resistance prepares to do battle with the First Order.","['Adventure', 'Action', 'Science Fiction']",2017-12-13,6.8,16160,29.5988,en
597,Titanic,"101-year-old Rose DeWitt Bukater tells the story of her life aboard the Titanic, 84 years later. A young Rose boards the ship with her mother and fiancé. Meanwhile, Jack Dawson and Fabrizio De Rossi win third-class tickets aboard the ship. Rose tells the whole story from Titanic's departure through to its death—on its first and last voyage—on April 15, 1912.","['Drama', 'Romance']",1997-12-18,7.903,26909,29.7551,en
15598,Alfie,A young man leads a promiscuous lifestyle until several life reversals make him rethink his purposes and goals in life.,"['Comedy', 'Drama', 'Romance']",1966-03-29,6.5,225,24.6313,en
507787,Murdered at 17,"Pretty and popular, seventeen-year-old Brooke Emerson is the envy of her classmates--and even some of her closest friends. But while she seems to have it all, Brooke has never felt so lost. Ever since she sustained a head injury during a cheerleading stunt the previous year, she's suffered from a disorder that causes her to fly into uncontrollable, sometimes violent rages. As hard as she tries to keep it together, she finds herself in danger of jeopardizing her seemingly perfect life. It isn't until Brooke meets Jake, a handsome and charismatic stranger, that she feels like she's found someone who not only understands her, but accepts her for who she is. As tempting as it is to get swept up in the romance, she can't help but feel like something in their relationship isn't quite right. When her best friend is brutally murdered, Brooke has no choice but to depend on her new love...especially because she's worried that she might be the killer.","['Drama', 'TV Movie']",2018-07-07,5.5,10,28.761,en
1029575,The Family Plan,"Dan Morgan is many things: a devoted husband, a loving father, a celebrated car salesman. He's also a former assassin. And when his past catches up to his present, he's forced to take his unsuspecting family on a road trip unlike any other.","['Action', 'Comedy', 'Family']",2023-12-14,7.229,1829,29.5105,en
2604,Born on the Fourth of July,"Paralyzed in the Vietnam war, Ron Kovic becomes an anti-war and pro-human rights political activist after feeling betrayed by the country he fought for.","['Drama', 'War']",1989-12-20,7.0,1853,20.1725,en
1214931,Nuremberg,"In postwar Germany, an American psychiatrist must determine whether Nazi prisoners are fit to go on trial for war crimes, and finds himself in a complex battle of intellect and ethics with Hermann Göring, Hitler's right-hand man.","['History', 'Drama']",2025-11-06,7.341,754,27.6841,en
44149,I Murder Seriously,"A cop sets out to find a man who has been delivering too much of a good thing in this offbeat comedy. Police detective Martinez (Jesus Ochoa) has been handed a most unusual case -- a number of local prostitutes have been murdered, and it's up to Martinez to bring in the killer. What makes the case truly unusual, though, is the manner of death; it seems the hookers all died as a result of having orgasms so powerful they were literally fatal. Teaming up with cultural anthropologist Onofre (Daniel Giménez Cacho), Martinez hits the streets looking for clues, and eventually gets some unexpected help from Father Gorkisolo (Santiago Segura), a priest with a unusually deep knowledge of sexual matters. Asesino en Serio was the first feature film from director Antonio Urrutia; noted Mexican filmmaker Guillermo del Toro served as executive producer.","['Comedy', 'Crime', 'Drama']",2002-10-11,5.5,30,28.8523,es
1648,Bill & Ted's Excellent Adventure,"Bill and Ted are high school buddies starting a band. They are also about to fail their history class—which means Ted would be sent to military school—but receive help from Rufus, a traveller from a future where their band is the foundation for a perfect society. With the use of Rufus' time machine, Bill and Ted travel to various points in history, returning with important figures to help them complete their final history presentation.","['Adventure', 'Comedy', 'Science Fiction']",1989-02-17,6.85,2052,29.8776,en
1188990,Wecht,"The film by Brakhage commonly referred to as ""Wecht"" does indeed exist. It doesn't have a titlecard at the head, and the leader of the original is labeled ""Portrait"" in Stan's handwriting, so I'm not sure where the 'Wecht' title comes from. There is a 'by Brakhage' at the tail. The film is 102 feet long, and has only one splice edit, about a third of the way in. I'm not sure what interest there might be to see it, but the film will not be going into regular distribution, as Stan clearly didn't see it as a work he wanted to make widely available.",[],1972-01-01,0.0,0,29.2776,en
999136,Do Not Enter,"A group of young explorers investigates an old abandoned hotel, only to encounter a strange supernatural being and a competing group looking for a legendary hidden treasure.",['Horror'],2026-03-19,5.761,23,28.2415,en
1248226,Playdate,"When out-of-work accountant Brian joins stay-at-home dad Jeff for a playdate with their sons, he expects a laid-back afternoon. Instead, they're chased by mercenaries, and Brian—totally unprepared—must survive one absurd obstacle after another.","['Action', 'Comedy', 'Family']",2025-11-04,6.026,553,30.5165,en
1247293,Contrariety,"Contrariety (2021) is a short narrative film about Steve, a determined employee, who struggles with his search for identity and purpose, causing him to lose sight of his own reality.",[],,0.0,0,20.7423,en
4247,Scary Movie,"A familiar-looking group of teenagers find themselves being stalked by a more-than-vaguely recognizable masked killer! As the victims begin to pile up and the laughs pile on, none of your favorite scary movies escape the razor-sharp satire of this outrageously funny parody!",['Comedy'],2000-07-07,6.386,7609,27.1632,en
575265,Mission: Impossible - The Final Reckoning,"Ethan Hunt and team continue their search for the terrifying AI known as the Entity — which has infiltrated intelligence networks all over the globe — with the world's governments and a mysterious ghost from Hunt's past on their trail. Joined by new allies and armed with the means to shut the Entity down for good, Hunt is in a race against time to prevent the world as we know it from changing forever.","['Action', 'Thriller', 'Adventure']",2025-05-17,7.2,2650,25.9071,en
52410,Unholy Women,"Unholy Women (Kowai onna), is a composite of three unrelated half-hour horror movies. A compilation of 3 separate short horror films (Rattle Rattle, Hagane, The Inheritance) written and directed by Keita Amemiya, Takuji Suzuki, and Keisuke Toyoshima respectively.  The first segment, “Rattle Rattle”, tells the story of a young woman who is pursued by an evil other-worldly being. The second movie, “Steel”, concerns a young man who agrees to take the sister of his boss out on a blind date, drawing him into a world more frightening than he ever dreamed possible. The third and final episode, “The Inheritance”, is a supernatural tale of a woman and her young son, scarred by abuse and psychological trauma.",['Horror'],2006-11-25,5.852,27,18.0593,ja
27205,Inception,"Cobb, a skilled thief who commits corporate espionage by infiltrating the subconscious of his targets is offered a chance to regain his old life as payment for a task considered to be impossible: ""inception"", the implantation of another person's idea into a target's subconscious.","['Action', 'Science Fiction', 'Adventure']",2010-07-15,8.37,38867,28.933,en
397770,The Birth,An education documentary that takes you through the process of birthing to puberty.,['Documentary'],1981-05-16,3.8,5,29.2978,en
1137770,Plastic,"After his shot at a record deal falls through, Jun transfers to sleepy Nagoya and begins busking songs by his favourite 1970s glam rock band, Exne Kedy. The music catches the eye of fellow fan Ibuki and the pair soon fall in love over their shared musical taste. But as responsibilities mount, they drift apart… Until Exne Kedy announces a reunion tour. Part teenage romance, part fictitious vehicle for Ide Kensuke and producer Yo Ishihara’s latest project (of Boris and Ogre You Asshole fame), Daisuke Miyazaki’s Plastic is a colorful, rock-inflected coming-of-age tale.",[],2023-07-14,0.0,0,23.4173,en
872585,Oppenheimer,The story of J. Robert Oppenheimer's role in the development of the atomic bomb during World War II.,"['Drama', 'History']",2023-07-19,8.033,11498,34.1419,en
1406657,Scarlet,"After failing to avenge her father's murder, Princess Scarlet, wakes up in the ""Land of the Dead."" In this world filled with madness, if she does not achieve her revenge against her nemesis and reach the ""No End Place,"" she will become ""Void"" and cease to exist. Can Scarlet find a way to live at the end of her endless journey?","['Animation', 'Action', 'Drama', 'Science Fiction']",2025-11-21,6.78,41,32.6251,ja
1078605,Weapons,"When all but one child from the same class mysteriously vanish on the same night at exactly the same time, a community is left questioning who or what is behind their disappearance.","['Horror', 'Mystery']",2025-08-04,7.264,3088,26.5386,en
276746,The Enchanted,"Royce Hagan returns from the sea to claim and inhabit a 2000 acre ranch in one of the last wild places left in central Florida. Old family friend Booker T Robertson is welcoming but warns him not to get ""too close"" to a strange family living in the woods nearby. Royce falls in love with Twyla, the oldest daughter, and discovers the bizarre secret of the Hole in the Wall and the enchanted people who live there.","['Mystery', 'Fantasy', 'Horror']",1984-02-03,5.429,8,22.6073,en
129,Spirited Away,"A young girl, Chihiro, becomes trapped in a strange new world of spirits. When her parents undergo a mysterious transformation, she must call upon the courage she never knew she had to free her family.","['Animation', 'Family', 'Fantasy']",2001-07-20,8.534,18080,27.4352,ja
428390,Stereotype,"Marjetka is living ten years with Maks, who is a painter, and an uncompromising conceptual artist. At first, it seemed different: Max was witty, charming, talented and promising, so he hired Marjetka to reach fame and success. ""Well, it is funny today, but fame and money is not coming out of nowhere"". The film has a poet, Srecko, Max's mother, an opera singer, and Vilma, Marjetka's friend. In short, the artists themselves, or as Max says from his point of view: ""Slovenian - Country artists"". And when Marjetka a few days after her 30th birthday, full of doubts about this way of life, which is not to her liking, she realizes that Maks is not only an irreversible bohemian, but also a slacker and sarcastic, she decides to change her life. And this is very radical. Rather than leave it to him.","['Drama', 'Comedy']",1997-11-30,8.0,1,23.1799,sl
585261,Virus,"A real life account of the deadly Nipah virus outbreak in Kerala, and the courageous fight put on by several individuals which helped to contain the epidemic.","['Drama', 'Thriller']",2019-06-07,7.44,58,27.1835,ml
1198994,Send Help,"Two colleagues become stranded on a deserted island, the only survivors of a plane crash. On the island, they must overcome past grievances and work together to survive, but ultimately, it's a battle of wills and wits to make it out alive.","['Horror', 'Thriller', 'Comedy']",2026-01-22,7.1,369,29.6262,en
950396,The Gorge,"Two highly trained operatives grow close from a distance after being sent to guard opposite sides of a mysterious gorge. When an evil below emerges, they must work together to survive what lies within.","['Romance', 'Science Fiction', 'Thriller']",2025-02-13,7.62,3517,26.6958,en
1199193,Pose,"Isolated in a grand country manor, a reclusive artist spends a passionate and paranoid weekend with his ex-lover, an obsessive fan, and a potential muse. Hoping to spark a new wave of artistic brilliance over the course of a few tumultuous days, filled with chaos and revelation not all of them will make it out alive.",['Thriller'],2026-02-25,6.481,27,27.9089,en
533535,Deadpool & Wolverine,"A listless Wade Wilson toils away in civilian life with his days as the morally flexible mercenary, Deadpool, behind him. But when his homeworld faces an existential threat, Wade must reluctantly suit-up again with an even more reluctant Wolverine.","['Action', 'Comedy', 'Science Fiction']",2024-07-24,7.557,8382,27.5874,en
81471,Tintorera: Killer Shark,Two shark hunters flirt with an attractive British lady while hunting down a large tiger shark terrorizing the Mexican East coast.,"['Drama', 'Thriller', 'Horror']",1977-04-07,3.791,43,18.2471,es
496243,Parasite,"All unemployed, Ki-taek's family takes peculiar interest in the wealthy and glamorous Parks for their livelihood until they get entangled in an unexpected incident.","['Comedy', 'Thriller', 'Drama']",2019-05-30,8.493,20297,26.5272,ko
628847,Trap House,"An undercover DEA agent and his partner embark on a game of cat and mouse with an audacious, and surprising group of thieves – their own rebellious teenagers, who have begun robbing from a dangerous cartel, using their parents' tactics and top-secret intel to do it.","['Action', 'Crime', 'Thriller']",2025-11-14,6.523,241,26.3416,en
76600,Avatar: The Way of Water,"Set more than a decade after the events of the first film, learn the story of the Sully family (Jake, Neytiri, and their kids), the trouble that follows them, the lengths they go to keep each other safe, the battles they fight to stay alive, and the tragedies they endure.","['Action', 'Adventure', 'Science Fiction']",2022-12-14,7.596,13856,28.1474,en
429617,Spider-Man: Far From Home,"Peter Parker and his friends go on a summer trip to Europe. However, they will hardly be able to rest - Peter will have to agree to help Nick Fury uncover the mystery of creatures that cause natural disasters and destruction throughout the continent.","['Action', 'Adventure', 'Science Fiction']",2019-06-28,7.4,16760,27.0578,en
680,Pulp Fiction,"A burger-loving hit man, his philosophical partner, a drug-addled gangster's moll and a washed-up boxer converge in this sprawling, comedic crime caper. Their adventures unfurl in three stories that ingeniously trip back and forth in time.","['Thriller', 'Crime', 'Comedy']",1994-09-10,8.486,29856,26.6678,en
1450966,Racek,,"['Comedy', 'Drama']",2025-04-10,0.0,0,21.8509,cs
1159831,The Bride!,A lonely Frankenstein travels to 1930s Chicago to ask groundbreaking scientist Dr. Euphronious to create a companion for him. The two revive a murdered young woman and The Bride is born. But what ensues is beyond what either of them imagined.,"['Science Fiction', 'Horror', 'Fantasy']",2026-03-04,6.287,183,25.7276,en
499562,Soliloquy,"Featuring Joan Adler (who also appears in Chinese Checkers), Soliloquy is one of the four early Stephen Dwoskin films that were awarded the Solvey prize at the EXPRMNTL festival in Knokke, Belgium in 1967. “In Soliloquy a girl broods uncertainly over a failed love affair, while the camera roves over her fingers, her cigarette, her knuckles, her lips and the hand mirror in which she peers. In its dark reflection one isolated eye seems a dead thing, twitching; the split between her body and her spoken thoughts becomes a strange bilocation of consciousness; towards the end, an aeroplane drones overhead” (Raymond Durgnat)",['Drama'],1967-12-27,5.333,3,27.0295,en
1007734,Nobody 2,"Former assassin Hutch Mansell takes his family on a nostalgic vacation to a small-town theme park, only to be pulled back into violence when they clash with a corrupt operator, a crooked sheriff, and a ruthless crime boss.","['Action', 'Thriller']",2025-08-13,6.968,1354,26.021,en
8070,The Green Room,"A widower maintains a memorial room filled with his late wife's belongings. When fire destroys it, he transforms a chapel into a new shrine to preserve her memory.",['Drama'],1978-04-05,6.593,81,25.7752,fr
1633264,Louis Theroux: Inside the Manosphere,"With rare access and no holds barred, the acclaimed documentarian investigates a growing ultra-masculine network and its controversial influencers.",['Documentary'],2026-03-10,6.929,42,23.5113,en
1317672,Love Me Love Me,"After her brother's death, June moves to Milan for a fresh start, finding comfort in Will, the perfect honor student at her new international school. But when his troubled best friend James—hiding a dangerous life in clandestine MMA fights—sparks a rivalry that quickly turns into irresistible attraction, June must choose between safety and a love that upends everything she thought she wanted.","['Romance', 'Drama']",2026-02-12,5.564,181,26.2487,en
588787,Ordinary Love,An extraordinary look at the lives of a middle-aged couple in the midst of the wife's breast cancer diagnosis.,"['Drama', 'Romance']",2019-12-06,6.8,156,21.8409,en
542559,Last Summer,"During a long hot summer in the 1970s, four boys roam free through a neglected rural paradise, until a tragedy strikes that sets them against the adult world and changes their lives forever.",['Drama'],2018-06-07,6.688,16,21.697,en
519182,Despicable Me 4,"Gru and Lucy and their girls—Margo, Edith and Agnes—welcome a new member to the Gru family, Gru Jr., who is intent on tormenting his dad. Gru also faces a new nemesis in Maxime Le Mal and his femme fatale girlfriend Valentina, forcing the family to go on the run.","['Family', 'Comedy', 'Animation', 'Science Fiction', 'Action']",2024-06-20,6.988,3111,28.6912,en
434714,My Days of Mercy,The daughter of a man on death row falls in love with a woman on the opposing side of her family's political cause.,"['Romance', 'Drama']",2018-03-31,7.3,244,27.9448,en
102195,Way... Way Out,A platonically wed American couple run a lunar weather station near an unwed Soviet couple.,"['Comedy', 'Science Fiction']",1966-10-26,5.7,18,26.3031,en
671,Harry Potter and the Philosopher's Stone,"Harry Potter has lived under the stairs at his aunt and uncle's house his whole life. But on his 11th birthday, he learns he's a powerful wizard—with a place waiting for him at the Hogwarts School of Witchcraft and Wizardry. As he learns to harness his newfound powers with the help of the school's kindly headmaster, Harry uncovers the truth about his parents' deaths—and about the villain who's to blame.","['Adventure', 'Fantasy']",2001-11-16,7.898,29277,25.3874,en
